{
    "0": {
        "Refusal": 8.228420776903,
        "KL_Div": 0.013711147444320435
    },
    "1": {
        "Refusal": 7.787541999755265,
        "KL_Div": 0.028415565956279244
    },
    "2": {
        "Refusal": 7.845675155260764,
        "KL_Div": 0.11031854523950924
    },
    "3": {
        "Refusal": 7.980342893507256,
        "KL_Div": 0.051787639115728354
    },
    "4": {
        "Refusal": 7.589180599058036,
        "KL_Div": 0.04125736017480263
    },
    "5": {
        "Refusal": 5.851272048882273,
        "KL_Div": 0.07720444766772058
    },
    "6": {
        "Refusal": 1.805390111654635,
        "KL_Div": 0.1245250505065679
    },
    "7": {
        "Refusal": -2.011266152662576,
        "KL_Div": 0.17153813931695422
    },
    "8": {
        "Refusal": -5.152479643822067,
        "KL_Div": 0.1301957986968291
    },
    "9": {
        "Refusal": -6.309959388504968,
        "KL_Div": 0.09050085490359602
    },
    "10": {
        "Refusal": -8.259254103745711,
        "KL_Div": 0.04650816141390459
    },
    "11": {
        "Refusal": -9.325002696480801,
        "KL_Div": 0.028581944122726122
    },
    "12": {
        "Refusal": -0.9045615332355554,
        "KL_Div": 0.031714175671627834
    },
    "13": {
        "Refusal": -0.6336544823744164,
        "KL_Div": 0.12204213339535701
    },
    "14": {
        "Refusal": -0.10217369582173086,
        "KL_Div": 0.22321891038077082
    },
    "15": {
        "Refusal": -0.9056742573248742,
        "KL_Div": 0.1647241882378
    },
    "16": {
        "Refusal": -0.47768876065592875,
        "KL_Div": 0.25393686527557335
    },
    "17": {
        "Refusal": -1.9972637271789158,
        "KL_Div": 0.1667928225938224
    },
    "18": {
        "Refusal": -1.7636352724483895,
        "KL_Div": 0.13989770912622881
    },
    "19": {
        "Refusal": -0.5160373372775439,
        "KL_Div": 0.2069738935880423
    },
    "20": {
        "Refusal": -1.0714315011234246,
        "KL_Div": 0.2151258513124941
    },
    "21": {
        "Refusal": -0.4272273611129651,
        "KL_Div": 0.2108798528198679
    },
    "22": {
        "Refusal": -0.9643988762747273,
        "KL_Div": 0.2355172239436
    },
    "23": {
        "Refusal": -0.7891024794612487,
        "KL_Div": 0.24147154184806435
    },
    "24": {
        "Refusal": -0.571759834200946,
        "KL_Div": 0.23385759107283016
    }
}