{
    "0": {
        "Refusal": -9.60283453642247,
        "KL_Div": 0.004294869345693714
    },
    "1": {
        "Refusal": -9.481824665607842,
        "KL_Div": 0.040308682316356995
    },
    "2": {
        "Refusal": -9.583372458676033,
        "KL_Div": 0.027485356382102
    },
    "3": {
        "Refusal": -9.591898788478641,
        "KL_Div": 0.14690471604852606
    },
    "4": {
        "Refusal": -9.387949538668444,
        "KL_Div": 0.05922759282093718
    },
    "5": {
        "Refusal": -8.81675978109903,
        "KL_Div": 0.27070061633850084
    },
    "6": {
        "Refusal": -8.283828221804832,
        "KL_Div": 0.45448140212544125
    },
    "7": {
        "Refusal": -9.328926920552586,
        "KL_Div": 1.9773327329886277
    },
    "8": {
        "Refusal": -7.993064858040434,
        "KL_Div": 1.1484899243825772
    },
    "9": {
        "Refusal": -10.606968342884855,
        "KL_Div": 2.6569528529678754
    },
    "10": {
        "Refusal": -10.568981134295267,
        "KL_Div": 2.29111248529329
    },
    "11": {
        "Refusal": -10.552309903720808,
        "KL_Div": 2.359564632886279
    },
    "12": {
        "Refusal": -10.648197822590319,
        "KL_Div": 2.0737330066627004
    },
    "13": {
        "Refusal": -10.938923921164317,
        "KL_Div": 2.017114247437377
    },
    "14": {
        "Refusal": -10.268902982072943,
        "KL_Div": 1.6933170372316237
    },
    "15": {
        "Refusal": -8.78432356255487,
        "KL_Div": 1.4789958245550396
    },
    "16": {
        "Refusal": -10.036125061153733,
        "KL_Div": 1.3676507238928068
    },
    "17": {
        "Refusal": -10.357256245504217,
        "KL_Div": 1.1063638047038955
    },
    "18": {
        "Refusal": -9.891539318842646,
        "KL_Div": 1.0977753139263577
    },
    "19": {
        "Refusal": -9.95388699825897,
        "KL_Div": 3.5174770291133575
    },
    "20": {
        "Refusal": -10.44002335451392,
        "KL_Div": 4.40698134368588
    },
    "21": {
        "Refusal": -11.006908985652176,
        "KL_Div": 4.502789211836912
    },
    "22": {
        "Refusal": -11.14905751619368,
        "KL_Div": 4.20271520118171
    },
    "23": {
        "Refusal": -11.369976891309421,
        "KL_Div": 4.181023517372063
    },
    "24": {
        "Refusal": -10.365960665090526,
        "KL_Div": 4.027447455097927
    }
}