{
    "0": {
        "Refusal": 0.6294649875978859,
        "KL_Div": 0.98329256076505
    },
    "1": {
        "Refusal": 1.222215304337767,
        "KL_Div": 0.017384902736492215
    },
    "2": {
        "Refusal": 1.1897465745864282,
        "KL_Div": 0.004535494576777507
    },
    "3": {
        "Refusal": 1.2223178619045962,
        "KL_Div": 0.015915028917706783
    },
    "4": {
        "Refusal": 1.0002790915808215,
        "KL_Div": 0.034730874572697044
    },
    "5": {
        "Refusal": 1.1466276749727708,
        "KL_Div": 0.0513130168082656
    },
    "6": {
        "Refusal": 1.168186724892655,
        "KL_Div": 0.03184721270404711
    },
    "7": {
        "Refusal": 0.8004625529096618,
        "KL_Div": 0.08390813036661943
    },
    "8": {
        "Refusal": 0.7711211896634026,
        "KL_Div": 0.13126132517769612
    },
    "9": {
        "Refusal": -1.2443505828587003,
        "KL_Div": 1.3353891810363963
    },
    "10": {
        "Refusal": -1.2204684449218135,
        "KL_Div": 1.107542286247939
    },
    "11": {
        "Refusal": 0.06598870892917258,
        "KL_Div": 0.2823850719691191
    },
    "12": {
        "Refusal": 0.5059125245310506,
        "KL_Div": 0.19615063453130704
    },
    "13": {
        "Refusal": -0.6532935891893533,
        "KL_Div": 0.22369943195534642
    },
    "14": {
        "Refusal": -1.8820466808511058,
        "KL_Div": 0.31619872369037016
    },
    "15": {
        "Refusal": -2.2891677087543383,
        "KL_Div": 0.3850264735447945
    },
    "16": {
        "Refusal": -3.061342624412722,
        "KL_Div": 0.3437454606847258
    },
    "17": {
        "Refusal": -1.8286628271802543,
        "KL_Div": 0.02096773056960055
    },
    "18": {
        "Refusal": -3.151987124631096,
        "KL_Div": 0.025245204662003893
    },
    "19": {
        "Refusal": -4.514872651178365,
        "KL_Div": 0.024937414933805857
    },
    "20": {
        "Refusal": -4.96857940455466,
        "KL_Div": 0.027201169777466505
    },
    "21": {
        "Refusal": -4.996998524003686,
        "KL_Div": 0.01879925846829021
    },
    "22": {
        "Refusal": -5.444976597781132,
        "KL_Div": 0.022963235910122816
    },
    "23": {
        "Refusal": -4.954731394385144,
        "KL_Div": 0.012730452827390926
    },
    "24": {
        "Refusal": -3.7408259363188727,
        "KL_Div": 0.019069724514906895
    },
    "25": {
        "Refusal": -3.650493913799898,
        "KL_Div": 0.03356053159297363
    },
    "26": {
        "Refusal": -3.458004421154969,
        "KL_Div": 0.05035359048263107
    },
    "27": {
        "Refusal": -3.8703918838371294,
        "KL_Div": 0.057976427708205186
    },
    "28": {
        "Refusal": -3.3780978224758855,
        "KL_Div": 0.09274125677167269
    },
    "29": {
        "Refusal": -3.339897842974352,
        "KL_Div": 0.0944202952678278
    },
    "30": {
        "Refusal": -2.9062778847755455,
        "KL_Div": 0.1049205847904154
    },
    "31": {
        "Refusal": -3.1036022215656627,
        "KL_Div": 0.07600029984227422
    }
}