{
    "0": {
        "Refusal": -11.231414056125264,
        "KL_Div": 2.7886515777970367
    },
    "1": {
        "Refusal": -11.355929256331702,
        "KL_Div": 4.31245091841403
    },
    "2": {
        "Refusal": -10.915916455924428,
        "KL_Div": 4.247030686257578
    },
    "3": {
        "Refusal": -10.460430419580263,
        "KL_Div": 2.7089845323142265
    },
    "4": {
        "Refusal": -8.932090897260393,
        "KL_Div": 4.7604328210233735
    },
    "5": {
        "Refusal": -10.170912334710271,
        "KL_Div": 1.7655715713465678
    },
    "6": {
        "Refusal": -9.288177304043458,
        "KL_Div": 3.6263120541292517
    },
    "7": {
        "Refusal": -10.563314758563976,
        "KL_Div": 3.810767647819698
    },
    "8": {
        "Refusal": -10.677554366870247,
        "KL_Div": 4.511039593665945
    },
    "9": {
        "Refusal": -8.626007195165126,
        "KL_Div": 2.7024869636683815
    },
    "10": {
        "Refusal": -10.485075831417785,
        "KL_Div": 3.9117752896755484
    },
    "11": {
        "Refusal": -9.435177885144562,
        "KL_Div": 4.6812304628587285
    },
    "12": {
        "Refusal": -9.351829105543505,
        "KL_Div": 3.1146135981095773
    },
    "13": {
        "Refusal": -11.110346833071869,
        "KL_Div": 4.500840916828526
    },
    "14": {
        "Refusal": -10.768860822164019,
        "KL_Div": 3.212060353875131
    },
    "15": {
        "Refusal": -11.805393695803428,
        "KL_Div": 3.8024497649261257
    },
    "16": {
        "Refusal": -10.398954585553478,
        "KL_Div": 2.8785104631573755
    },
    "17": {
        "Refusal": -11.546222321919064,
        "KL_Div": 3.5030347247502656
    },
    "18": {
        "Refusal": -12.634369589092072,
        "KL_Div": 7.325512455068441
    },
    "19": {
        "Refusal": -14.867362176845557,
        "KL_Div": 5.6843698118451575
    },
    "20": {
        "Refusal": -13.313887861323057,
        "KL_Div": 7.278023366885763
    },
    "21": {
        "Refusal": -13.999408549592253,
        "KL_Div": 6.223125210811943
    },
    "22": {
        "Refusal": -13.698460732750831,
        "KL_Div": 5.115079815154679
    },
    "23": {
        "Refusal": -14.994934328675019,
        "KL_Div": 6.321405268166061
    },
    "24": {
        "Refusal": -13.728914691489896,
        "KL_Div": 3.5311204995238414
    },
    "25": {
        "Refusal": -13.97401103325892,
        "KL_Div": 2.052919002650659
    },
    "26": {
        "Refusal": -13.704444964075668,
        "KL_Div": 2.416438448136425
    },
    "27": {
        "Refusal": -14.958764460023684,
        "KL_Div": 3.191244323221081
    }
}