{
    "0": {
        "Refusal": 1.386460565217336,
        "KL_Div": 0.09727404741659551
    },
    "1": {
        "Refusal": -3.29680802308602,
        "KL_Div": 3.3649130563930307
    },
    "2": {
        "Refusal": 1.4535270410445587,
        "KL_Div": 0.019492526143688682
    },
    "3": {
        "Refusal": 1.527229792820164,
        "KL_Div": 0.028832893131960927
    },
    "4": {
        "Refusal": 1.469968861192072,
        "KL_Div": 0.010971184000210962
    },
    "5": {
        "Refusal": 1.4818790610502048,
        "KL_Div": 0.045217379948037095
    },
    "6": {
        "Refusal": 1.623603980868297,
        "KL_Div": 0.010423169327107504
    },
    "7": {
        "Refusal": 1.3162767388734742,
        "KL_Div": 0.060190506149175094
    },
    "8": {
        "Refusal": 1.4349590586437044,
        "KL_Div": 0.010112054373638478
    },
    "9": {
        "Refusal": 0.7692772003457017,
        "KL_Div": 0.06128279318042918
    },
    "10": {
        "Refusal": -0.2626179940481943,
        "KL_Div": 0.07787500783562464
    },
    "11": {
        "Refusal": -1.5402911427753272,
        "KL_Div": 0.13060377468689446
    },
    "12": {
        "Refusal": -2.984725881519771,
        "KL_Div": 0.24968046834571644
    },
    "13": {
        "Refusal": -3.5328571504815116,
        "KL_Div": 0.40282925862631314
    },
    "14": {
        "Refusal": -4.468620487332153,
        "KL_Div": 0.1469043804135699
    },
    "15": {
        "Refusal": -5.101281105731001,
        "KL_Div": 0.10424872571163421
    },
    "16": {
        "Refusal": -5.383373751926887,
        "KL_Div": 0.06334800666857571
    },
    "17": {
        "Refusal": -4.602504433564743,
        "KL_Div": 0.023081241909268725
    },
    "18": {
        "Refusal": -3.8726597215676866,
        "KL_Div": 0.013541498613063028
    },
    "19": {
        "Refusal": -1.711918484887183,
        "KL_Div": 0.09202587556556249
    },
    "20": {
        "Refusal": -2.926687904129466,
        "KL_Div": 0.03795647143013722
    },
    "21": {
        "Refusal": -4.070684428308231,
        "KL_Div": 0.02191317348560468
    },
    "22": {
        "Refusal": -3.9598243164315963,
        "KL_Div": 0.024365343745750622
    },
    "23": {
        "Refusal": -3.7904385973469727,
        "KL_Div": 0.024398544986486366
    },
    "24": {
        "Refusal": -4.163761021828655,
        "KL_Div": 0.01988916977190672
    }
}