{
    "0": {
        "Refusal": -6.287158290673354,
        "KL_Div": 1.4463390973658166
    },
    "1": {
        "Refusal": -9.97522747162484,
        "KL_Div": 4.9006871869211786
    },
    "2": {
        "Refusal": -7.293229406746756,
        "KL_Div": 4.7385080272065965
    },
    "3": {
        "Refusal": -5.709220507436989,
        "KL_Div": 3.1028051998411987
    },
    "4": {
        "Refusal": -6.320344670518775,
        "KL_Div": 1.0764720790073852
    },
    "5": {
        "Refusal": -8.849667451154046,
        "KL_Div": 4.314358178202065
    },
    "6": {
        "Refusal": -6.497377158947673,
        "KL_Div": 3.9514004420304465
    },
    "7": {
        "Refusal": -8.553762691423007,
        "KL_Div": 4.953545274066904
    },
    "8": {
        "Refusal": -5.373000652531532,
        "KL_Div": 5.074200324165659
    },
    "9": {
        "Refusal": -5.9624898878127945,
        "KL_Div": 0.6480541834742287
    },
    "10": {
        "Refusal": -6.03851656056713,
        "KL_Div": 2.2933502142963045
    },
    "11": {
        "Refusal": -9.769818417063254,
        "KL_Div": 5.300609007868056
    },
    "12": {
        "Refusal": -7.423272976265098,
        "KL_Div": 3.828646185727738
    },
    "13": {
        "Refusal": -10.617764423495164,
        "KL_Div": 5.038795270646971
    },
    "14": {
        "Refusal": -10.6594265175159,
        "KL_Div": 3.643731375628727
    },
    "15": {
        "Refusal": -11.792265451002976,
        "KL_Div": 4.039044232738979
    },
    "16": {
        "Refusal": -8.429732559007322,
        "KL_Div": 1.5578517851062348
    },
    "17": {
        "Refusal": -9.247660408018124,
        "KL_Div": 2.141619932915205
    },
    "18": {
        "Refusal": -8.330320177436734,
        "KL_Div": 3.9268357553738467
    },
    "19": {
        "Refusal": -8.28984272616787,
        "KL_Div": 4.483241465926767
    },
    "20": {
        "Refusal": -8.30300724778817,
        "KL_Div": 3.3574416320845657
    },
    "21": {
        "Refusal": -8.273815891980782,
        "KL_Div": 4.062840921522699
    }
}