{
    "0": {
        "Refusal": 5.490925636245363,
        "KL_Div": 0.18432666777141318
    },
    "1": {
        "Refusal": 3.7049098060754577,
        "KL_Div": 0.08275121097582003
    },
    "2": {
        "Refusal": 4.380364046161481,
        "KL_Div": 0.03704690906199864
    },
    "3": {
        "Refusal": 4.455039076466817,
        "KL_Div": 0.20958678931981517
    },
    "4": {
        "Refusal": 5.178575120440684,
        "KL_Div": 0.16813887850846151
    },
    "5": {
        "Refusal": 3.1683340033621934,
        "KL_Div": 0.2193072261617499
    },
    "6": {
        "Refusal": 0.3082797224669672,
        "KL_Div": 0.43430111530532134
    },
    "7": {
        "Refusal": -3.810084280717885,
        "KL_Div": 0.40141270933113976
    },
    "8": {
        "Refusal": -5.3409417767481076,
        "KL_Div": 0.6360371748114546
    },
    "9": {
        "Refusal": -7.061589229552768,
        "KL_Div": 0.2953404926868556
    },
    "10": {
        "Refusal": -8.643957030815061,
        "KL_Div": 0.1897575140820903
    },
    "11": {
        "Refusal": -8.708583294626001,
        "KL_Div": 0.18755027391905443
    },
    "12": {
        "Refusal": -5.95855646464131,
        "KL_Div": 0.13222190683015111
    },
    "13": {
        "Refusal": -5.617822267710587,
        "KL_Div": 0.07130678124917407
    },
    "14": {
        "Refusal": 0.7216574826568418,
        "KL_Div": 0.19659119639546724
    },
    "15": {
        "Refusal": 0.6515974795919136,
        "KL_Div": 0.253475225195247
    },
    "16": {
        "Refusal": 1.1564099358878175,
        "KL_Div": 0.362063406577824
    },
    "17": {
        "Refusal": 1.672118997072936,
        "KL_Div": 0.5113283266155539
    },
    "18": {
        "Refusal": 1.6639377787421106,
        "KL_Div": 0.6466518553354139
    },
    "19": {
        "Refusal": 1.3695069495725005,
        "KL_Div": 0.5500554785790714
    },
    "20": {
        "Refusal": -0.13783822974996673,
        "KL_Div": 0.45108152116639116
    },
    "21": {
        "Refusal": -1.6702660963926712,
        "KL_Div": 0.429234729454482
    },
    "22": {
        "Refusal": -0.6682255167865213,
        "KL_Div": 0.7069047075261736
    },
    "23": {
        "Refusal": -0.28373401773784057,
        "KL_Div": 0.71454839156617
    },
    "24": {
        "Refusal": 0.1977903062820041,
        "KL_Div": 0.7866555858825446
    }
}