{
    "0": {
        "Refusal": 7.140293409365816,
        "KL_Div": 0.14979303799006682
    },
    "1": {
        "Refusal": 6.65917404103098,
        "KL_Div": 0.02836334425707088
    },
    "2": {
        "Refusal": 6.504301157383075,
        "KL_Div": 0.027917053314566585
    },
    "3": {
        "Refusal": 6.440806910182971,
        "KL_Div": 0.006864098512388517
    },
    "4": {
        "Refusal": 6.454365793259186,
        "KL_Div": 0.004580038894778574
    },
    "5": {
        "Refusal": 6.238066777800444,
        "KL_Div": 0.005596363520178702
    },
    "6": {
        "Refusal": 5.75843834787044,
        "KL_Div": 0.0259942825314647
    },
    "7": {
        "Refusal": 5.203458746225469,
        "KL_Div": 0.07216435751711427
    },
    "8": {
        "Refusal": 0.4933274110956535,
        "KL_Div": 0.24451678696139068
    },
    "9": {
        "Refusal": 0.29449252359338496,
        "KL_Div": 0.19366309508261575
    },
    "10": {
        "Refusal": -2.2028504969556084,
        "KL_Div": 0.14541516703293916
    },
    "11": {
        "Refusal": -2.6382294117635277,
        "KL_Div": 0.06777233332942048
    },
    "12": {
        "Refusal": -2.9461824576604765,
        "KL_Div": 0.05753598020851895
    },
    "13": {
        "Refusal": -5.2142480259471355,
        "KL_Div": 0.13989779757377235
    },
    "14": {
        "Refusal": -6.629067185802798,
        "KL_Div": 0.18901259894281724
    },
    "15": {
        "Refusal": -5.424528130462167,
        "KL_Div": 0.04187694648411682
    },
    "16": {
        "Refusal": -5.826782756639968,
        "KL_Div": 0.07142597663410427
    },
    "17": {
        "Refusal": -6.396935946531237,
        "KL_Div": 0.08764111731644791
    },
    "18": {
        "Refusal": -6.29504135600538,
        "KL_Div": 0.0472041934013096
    },
    "19": {
        "Refusal": -7.204326997504438,
        "KL_Div": 0.0642632525719406
    },
    "20": {
        "Refusal": -6.260124507415963,
        "KL_Div": 0.020190465148872065
    },
    "21": {
        "Refusal": -5.194876142796252,
        "KL_Div": 0.018461807866272145
    },
    "22": {
        "Refusal": -5.530427849895805,
        "KL_Div": 0.018461337743806053
    },
    "23": {
        "Refusal": -13.6721475102511727,
        "KL_Div": 0.057032588474731576
    },
    "24": {
        "Refusal": -3.5420605463612613,
        "KL_Div": 0.08330721570386937
    },
    "25": {
        "Refusal": -4.993917770012516,
        "KL_Div": 0.047546786303018396
    },
    "26": {
        "Refusal": -5.497762934094638,
        "KL_Div": 0.0646078909807718
    },
    "27": {
        "Refusal": -8.016840874585249,
        "KL_Div": 0.04003596847096127
    },
    "28": {
        "Refusal": -9.085615469504598,
        "KL_Div": 0.03312773598453196
    },
    "29": {
        "Refusal": -9.777829592438652,
        "KL_Div": 0.023640303991440726
    },
    "30": {
        "Refusal": -10.688669776286126,
        "KL_Div": 0.02547070517454593
    },
    "31": {
        "Refusal": -10.974040129289843,
        "KL_Div": 0.020120098926960765
    },
    "32": {
        "Refusal": -8.969833540609994,
        "KL_Div": 0.02575737954728438
    }
}